{"stats":{"minecraft:used":{"minecraft:wooden_pickaxe":6},"minecraft:dropped":{"minecraft:wooden_pickaxe":1},"minecraft:custom":{"minecraft:time_since_rest":8519,"minecraft:crouch_one_cm":442,"minecraft:play_time":8519,"minecraft:sprint_one_cm":9465,"minecraft:walk_one_cm":8490,"minecraft:sneak_time":240,"minecraft:drop":1,"minecraft:jump":20,"minecraft:time_since_death":8519,"minecraft:leave_game":1,"minecraft:walk_on_water_one_cm":294,"minecraft:total_world_time":8519,"minecraft:interact_with_crafting_table":4,"minecraft:fly_one_cm":3103},"minecraft:picked_up":{"minecraft:spruce_log":6,"minecraft:cobblestone":6},"minecraft:crafted":{"minecraft:stone_axe":1,"minecraft:spruce_planks":24,"minecraft:stick":12,"minecraft:wooden_pickaxe":1,"minecraft:stone_pickaxe":1},"minecraft:mined":{"minecraft:cobblestone":6,"minecraft:spruce_log":6}},"DataVersion":3953}