{"stats":{"minecraft:picked_up":{"minecraft:charcoal":4,"minecraft:crafting_table":3,"minecraft:iron_chestplate":1,"minecraft:wheat":4,"minecraft:wooden_pickaxe":1,"minecraft:enchanted_book":1,"minecraft:shield":1,"minecraft:string":4,"minecraft:raw_copper":23,"minecraft:cooked_salmon":4,"minecraft:cobbled_deepslate":47,"minecraft:spruce_planks":8,"minecraft:iron_pickaxe":2,"minecraft:lectern":1,"minecraft:sugar_cane":9,"minecraft:spruce_trapdoor":2,"minecraft:furnace":1,"minecraft:stick":12,"minecraft:raw_iron":55,"minecraft:composter":1,"minecraft:torch":7,"minecraft:spruce_fence":2,"minecraft:diorite":16,"minecraft:stone_sword":1,"minecraft:arrow":70,"minecraft:rotten_flesh":9,"minecraft:saddle":1,"minecraft:white_wool":20,"minecraft:cobblestone":439,"minecraft:feather":2,"minecraft:salmon":9,"minecraft:glow_ink_sac":8,"minecraft:water_bucket":1,"minecraft:andesite":14,"minecraft:smoker":2,"minecraft:potato":5,"minecraft:flint":3,"minecraft:gunpowder":6,"minecraft:cobblestone_wall":7,"minecraft:dirt":229,"minecraft:blue_bed":6,"minecraft:name_tag":1,"minecraft:bone":18,"minecraft:bow":4,"minecraft:wheat_seeds":52,"minecraft:iron_ingot":8,"minecraft:grindstone":2,"minecraft:stone_pickaxe":1,"minecraft:fletching_table":9,"minecraft:iron_sword":1,"minecraft:book":18,"minecraft:sweet_berries":2,"minecraft:gravel":22,"minecraft:spruce_sapling":22,"minecraft:granite_slab":2,"minecraft:white_bed":1,"minecraft:spruce_log":23,"minecraft:spider_eye":2,"minecraft:purple_bed":9,"minecraft:spruce_boat":3,"minecraft:diamond":34,"minecraft:stone_axe":2,"minecraft:granite":26,"minecraft:emerald":134,"minecraft:bread":41,"minecraft:coal":24,"minecraft:diamond_pickaxe":1},"minecraft:used":{"minecraft:stone_sword":32,"minecraft:stone_shovel":186,"minecraft:ladder":5,"minecraft:spruce_planks":9,"minecraft:chest":1,"minecraft:shield":11,"minecraft:iron_sword":51,"minecraft:cooked_salmon":4,"minecraft:stone_hoe":106,"minecraft:rotten_flesh":9,"minecraft:iron_chestplate":3,"minecraft:torch":10,"minecraft:dirt":46,"minecraft:cobblestone_wall":101,"minecraft:granite":16,"minecraft:spruce_boat":3,"minecraft:furnace":6,"minecraft:potato":7,"minecraft:cobbled_deepslate":30,"minecraft:wheat_seeds":46,"minecraft:water_bucket":7,"minecraft:diorite":2,"minecraft:stone_pickaxe":71,"minecraft:wooden_pickaxe":3,"minecraft:composter":2,"minecraft:sugar_cane":9,"minecraft:fletching_table":13,"minecraft:blue_bed":7,"minecraft:crafting_table":5,"minecraft:white_bed":5,"minecraft:smoker":2,"minecraft:diamond_pickaxe":420,"minecraft:bread":27,"minecraft:iron_pickaxe":173,"minecraft:spruce_trapdoor":18,"minecraft:gravel":7,"minecraft:stone_axe":48,"minecraft:granite_slab":8,"minecraft:cobblestone":198,"minecraft:purple_bed":9,"minecraft:bucket":8,"minecraft:andesite":6,"minecraft:smooth_stone_slab":1,"minecraft:diorite_slab":16},"minecraft:dropped":{"minecraft:bread":443,"minecraft:iron_sword":1,"minecraft:wheat_seeds":4,"minecraft:emerald":134,"minecraft:iron_pickaxe":1,"minecraft:string":2,"minecraft:bucket":1,"minecraft:spruce_sapling":1,"minecraft:gravel":1,"minecraft:stone_axe":2,"minecraft:stone_sword":1,"minecraft:wheat":4,"minecraft:white_bed":2,"minecraft:potato":4,"minecraft:shield":1,"minecraft:diamond_pickaxe":3,"minecraft:stone_pickaxe":1},"minecraft:broken":{"minecraft:stone_shovel":1},"minecraft:custom":{"minecraft:mob_kills":33,"minecraft:interact_with_crafting_table":49,"minecraft:interact_with_campfire":4,"minecraft:leave_game":2,"minecraft:time_since_death":74641,"minecraft:climb_one_cm":3993,"minecraft:sprint_one_cm":390658,"minecraft:walk_one_cm":559927,"minecraft:damage_blocked_by_shield":342,"minecraft:drop":39,"minecraft:talked_to_villager":33,"minecraft:play_time":151148,"minecraft:deaths":3,"minecraft:sneak_time":8968,"minecraft:walk_under_water_one_cm":33025,"minecraft:boat_one_cm":48458,"minecraft:jump":3324,"minecraft:interact_with_blast_furnace":3,"minecraft:walk_on_water_one_cm":49568,"minecraft:total_world_time":151148,"minecraft:interact_with_furnace":8,"minecraft:traded_with_villager":155,"minecraft:interact_with_stonecutter":1,"minecraft:sleep_in_bed":12,"minecraft:time_since_rest":9622,"minecraft:damage_taken":1793,"minecraft:damage_dealt":5199,"minecraft:fly_one_cm":490624,"minecraft:swim_one_cm":28267,"minecraft:open_chest":155,"minecraft:crouch_one_cm":28527,"minecraft:interact_with_smoker":5,"minecraft:fall_one_cm":102922},"minecraft:mined":{"minecraft:spruce_planks":6,"minecraft:white_bed":1,"minecraft:farmland":22,"minecraft:deepslate_diamond_ore":17,"minecraft:spruce_trapdoor":2,"minecraft:granite":20,"minecraft:grass_block":27,"minecraft:spruce_leaves":36,"minecraft:composter":1,"minecraft:large_fern":115,"minecraft:furnace":1,"minecraft:iron_ore":18,"minecraft:cobbled_deepslate":12,"minecraft:andesite":14,"minecraft:fletching_table":10,"minecraft:granite_slab":2,"minecraft:bookshelf":6,"minecraft:potatoes":2,"minecraft:dirt_path":29,"minecraft:deepslate_iron_ore":19,"minecraft:stone":401,"minecraft:podzol":6,"minecraft:smoker":2,"minecraft:crafting_table":3,"minecraft:torch":3,"minecraft:short_grass":12,"minecraft:campfire":1,"minecraft:lectern":1,"minecraft:cobblestone":54,"minecraft:copper_ore":5,"minecraft:grindstone":2,"minecraft:sugar_cane":5,"minecraft:wall_torch":1,"minecraft:diorite":16,"minecraft:blue_bed":5,"minecraft:purple_bed":6,"minecraft:cobblestone_wall":7,"minecraft:sweet_berry_bush":2,"minecraft:wheat":13,"minecraft:spruce_log":22,"minecraft:coal_ore":19,"minecraft:gravel":26,"minecraft:dirt":145,"minecraft:fern":56,"minecraft:deepslate":26},"minecraft:killed_by":{"minecraft:skeleton":1},"minecraft:killed":{"minecraft:spider":2,"minecraft:skeleton":5,"minecraft:salmon":9,"minecraft:creeper":2,"minecraft:zombie":14},"minecraft:crafted":{"minecraft:stone_shovel":3,"minecraft:furnace":9,"minecraft:ladder":6,"minecraft:spruce_slab":12,"minecraft:stone_pickaxe":2,"minecraft:cobblestone_wall":120,"minecraft:chest":1,"minecraft:spruce_boat":1,"minecraft:stone_hoe":3,"minecraft:diamond_sword":1,"minecraft:emerald":74,"minecraft:crafting_table":3,"minecraft:spruce_planks":1288,"minecraft:wooden_pickaxe":1,"minecraft:iron_sword":1,"minecraft:bucket":2,"minecraft:stone_axe":2,"minecraft:bread":480,"minecraft:air":0,"minecraft:spruce_trapdoor":16,"minecraft:diamond_pickaxe":3,"minecraft:shield":3,"minecraft:stick":2296,"minecraft:iron_ingot":16,"minecraft:iron_pickaxe":1,"minecraft:stone_sword":2,"minecraft:white_bed":6,"minecraft:composter":1,"minecraft:torch":4,"minecraft:diorite_slab":18,"minecraft:granite_slab":6,"minecraft:shears":1}},"DataVersion":3953}