{"stats":{"minecraft:used":{"minecraft:acacia_trapdoor":1,"minecraft:bread":4,"minecraft:stone_pickaxe":13,"minecraft:chest":1,"minecraft:wooden_pickaxe":23,"minecraft:stone_axe":41,"minecraft:orange_bed":10,"minecraft:torch":1,"minecraft:dirt":13,"minecraft:cobblestone":4,"minecraft:crafting_table":1,"minecraft:acacia_wood":3},"minecraft:crafted":{"minecraft:crafting_table":1,"minecraft:stick":12,"minecraft:wooden_pickaxe":1,"minecraft:stone_pickaxe":1,"minecraft:acacia_trapdoor":2,"minecraft:stone_sword":1,"minecraft:acacia_planks":20,"minecraft:stone_axe":1},"minecraft:killed":{"minecraft:zombie":1},"minecraft:custom":{"minecraft:time_since_rest":5428,"minecraft:sprint_one_cm":41750,"minecraft:damage_taken":110,"minecraft:walk_one_cm":26907,"minecraft:mob_kills":1,"minecraft:drop":2,"minecraft:damage_dealt":198,"minecraft:swim_one_cm":3007,"minecraft:interact_with_crafting_table":4,"minecraft:fly_one_cm":93509,"minecraft:open_chest":12,"minecraft:crouch_one_cm":2140,"minecraft:play_time":14722,"minecraft:sneak_time":676,"minecraft:walk_under_water_one_cm":88,"minecraft:jump":381,"minecraft:leave_game":1,"minecraft:walk_on_water_one_cm":1749,"minecraft:time_since_death":14722,"minecraft:sleep_in_bed":2,"minecraft:total_world_time":14722,"minecraft:fall_one_cm":12780},"minecraft:mined":{"minecraft:red_bed":1,"minecraft:iron_ore":1,"minecraft:acacia_wood":21,"minecraft:torch":2,"minecraft:crafting_table":1,"minecraft:oak_log":1,"minecraft:grass":7,"minecraft:acacia_log":5,"minecraft:grass_block":22,"minecraft:dirt_path":1,"minecraft:chest":1,"minecraft:acacia_fence":8,"minecraft:dirt":2,"minecraft:cobblestone":12,"minecraft:stone":15,"minecraft:orange_bed":10},"minecraft:picked_up":{"minecraft:raw_iron":1,"minecraft:crafting_table":1,"minecraft:acacia_fence":8,"minecraft:torch":4,"minecraft:acacia_log":5,"minecraft:acacia_wood":21,"minecraft:oak_log":1,"minecraft:red_bed":1,"minecraft:dirt":25,"minecraft:orange_bed":10,"minecraft:rotten_flesh":2,"minecraft:wheat_seeds":2,"minecraft:chest":1,"minecraft:cobblestone":27},"minecraft:dropped":{"minecraft:dirt":5,"minecraft:wheat_seeds":1}},"DataVersion":3465}