{"stats":{"minecraft:used":{"minecraft:bread":4,"minecraft:stone_pickaxe":5,"minecraft:chest":1,"minecraft:wooden_pickaxe":23,"minecraft:stone_axe":39,"minecraft:orange_bed":2,"minecraft:torch":1,"minecraft:dirt":1,"minecraft:cobblestone":2,"minecraft:crafting_table":1,"minecraft:acacia_wood":2},"minecraft:crafted":{"minecraft:crafting_table":1,"minecraft:stick":12,"minecraft:wooden_pickaxe":1,"minecraft:stone_pickaxe":1,"minecraft:stone_sword":1,"minecraft:acacia_planks":20,"minecraft:stone_axe":1},"minecraft:killed":{"minecraft:zombie":1},"minecraft:custom":{"minecraft:time_since_rest":2331,"minecraft:sprint_one_cm":34815,"minecraft:damage_taken":110,"minecraft:walk_one_cm":19260,"minecraft:mob_kills":1,"minecraft:drop":2,"minecraft:damage_dealt":198,"minecraft:swim_one_cm":3007,"minecraft:interact_with_crafting_table":3,"minecraft:fly_one_cm":78706,"minecraft:open_chest":12,"minecraft:crouch_one_cm":1995,"minecraft:play_time":11625,"minecraft:sneak_time":616,"minecraft:walk_under_water_one_cm":88,"minecraft:jump":310,"minecraft:walk_on_water_one_cm":598,"minecraft:time_since_death":11625,"minecraft:sleep_in_bed":2,"minecraft:total_world_time":11625,"minecraft:fall_one_cm":11886},"minecraft:mined":{"minecraft:red_bed":1,"minecraft:iron_ore":1,"minecraft:acacia_wood":20,"minecraft:torch":2,"minecraft:crafting_table":1,"minecraft:grass":4,"minecraft:acacia_log":5,"minecraft:grass_block":14,"minecraft:chest":1,"minecraft:acacia_fence":8,"minecraft:dirt":1,"minecraft:cobblestone":4,"minecraft:stone":15,"minecraft:orange_bed":9},"minecraft:picked_up":{"minecraft:raw_iron":1,"minecraft:crafting_table":1,"minecraft:acacia_fence":8,"minecraft:torch":4,"minecraft:acacia_log":5,"minecraft:acacia_wood":20,"minecraft:red_bed":1,"minecraft:dirt":8,"minecraft:orange_bed":9,"minecraft:wheat_seeds":1,"minecraft:chest":1,"minecraft:cobblestone":18},"minecraft:dropped":{"minecraft:dirt":5,"minecraft:wheat_seeds":1}},"DataVersion":3465}