{"stats":{"minecraft:picked_up":{"minecraft:crafting_table":4,"minecraft:fishing_rod":1,"minecraft:charcoal":4,"minecraft:iron_chestplate":2,"minecraft:wheat":4,"minecraft:diamond_sword":1,"minecraft:wooden_pickaxe":1,"minecraft:enchanted_book":1,"minecraft:shield":2,"minecraft:string":4,"minecraft:raw_copper":23,"minecraft:cooked_salmon":4,"minecraft:smooth_stone_slab":4,"minecraft:flint_and_steel":1,"minecraft:iron_leggings":1,"minecraft:cobbled_deepslate":50,"minecraft:bucket":1,"minecraft:spruce_planks":16,"minecraft:cobblestone_slab":38,"minecraft:iron_pickaxe":4,"minecraft:lectern":1,"minecraft:sugar_cane":11,"minecraft:spruce_trapdoor":2,"minecraft:furnace":1,"minecraft:stick":34,"minecraft:raw_iron":71,"minecraft:composter":1,"minecraft:torch":39,"minecraft:spruce_fence":2,"minecraft:diorite":16,"minecraft:vine":4,"minecraft:redstone":5,"minecraft:stone_sword":2,"minecraft:stone_shovel":1,"minecraft:arrow":73,"minecraft:rotten_flesh":27,"minecraft:cooked_cod":4,"minecraft:shears":1,"minecraft:saddle":1,"minecraft:obsidian":10,"minecraft:white_wool":28,"minecraft:cobblestone":725,"minecraft:feather":2,"minecraft:water_bucket":1,"minecraft:glow_ink_sac":9,"minecraft:andesite":14,"minecraft:salmon":9,"minecraft:smoker":2,"minecraft:potato":5,"minecraft:flint":3,"minecraft:cobblestone_wall":13,"minecraft:gunpowder":8,"minecraft:lapis_lazuli":8,"minecraft:dirt":350,"minecraft:blue_bed":6,"minecraft:name_tag":1,"minecraft:bone":19,"minecraft:bow":5,"minecraft:wheat_seeds":70,"minecraft:iron_ingot":17,"minecraft:grindstone":2,"minecraft:stone_pickaxe":2,"minecraft:fletching_table":16,"minecraft:stone_hoe":1,"minecraft:iron_sword":2,"minecraft:book":18,"minecraft:sweet_berries":2,"minecraft:gravel":22,"minecraft:spruce_sapling":57,"minecraft:blast_furnace":3,"minecraft:granite_slab":2,"minecraft:white_bed":1,"minecraft:spruce_log":318,"minecraft:spruce_door":2,"minecraft:spider_eye":2,"minecraft:purple_bed":9,"minecraft:diamond":38,"minecraft:spruce_boat":15,"minecraft:stone_axe":3,"minecraft:iron_helmet":1,"minecraft:granite":35,"minecraft:spruce_sign":1,"minecraft:bread":63,"minecraft:emerald":134,"minecraft:coal":49,"minecraft:diamond_pickaxe":4},"minecraft:used":{"minecraft:stone_sword":32,"minecraft:stone_shovel":251,"minecraft:ladder":5,"minecraft:chest":2,"minecraft:spruce_planks":9,"minecraft:shield":17,"minecraft:iron_sword":51,"minecraft:cooked_salmon":4,"minecraft:stone_hoe":106,"minecraft:rotten_flesh":9,"minecraft:iron_chestplate":3,"minecraft:torch":11,"minecraft:dirt":197,"minecraft:anvil":1,"minecraft:hopper":1,"minecraft:cobblestone_wall":101,"minecraft:axolotl_bucket":2,"minecraft:granite":16,"minecraft:spruce_boat":16,"minecraft:lava_bucket":2,"minecraft:spruce_button":9,"minecraft:barrel":3,"minecraft:furnace":6,"minecraft:potato":7,"minecraft:cobbled_deepslate":30,"minecraft:wheat_seeds":46,"minecraft:water_bucket":30,"minecraft:diorite":2,"minecraft:stone_pickaxe":71,"minecraft:sugar_cane":11,"minecraft:blue_bed":7,"minecraft:wooden_pickaxe":3,"minecraft:diamond_axe":271,"minecraft:spruce_sign":10,"minecraft:composter":2,"minecraft:fletching_table":21,"minecraft:cobblestone_slab":90,"minecraft:crafting_table":7,"minecraft:blast_furnace":3,"minecraft:white_bed":8,"minecraft:spruce_log":1,"minecraft:smoker":3,"minecraft:diamond_pickaxe":642,"minecraft:bread":64,"minecraft:iron_pickaxe":173,"minecraft:spruce_trapdoor":18,"minecraft:gravel":7,"minecraft:spruce_sapling":12,"minecraft:stone_axe":73,"minecraft:granite_slab":8,"minecraft:diamond_sword":38,"minecraft:purple_bed":9,"minecraft:cobblestone":448,"minecraft:andesite":6,"minecraft:bucket":35,"minecraft:smooth_stone_slab":1,"minecraft:diorite_slab":16},"minecraft:dropped":{"minecraft:iron_ingot":10,"minecraft:bread":463,"minecraft:iron_sword":2,"minecraft:lapis_lazuli":8,"minecraft:diamond_axe":1,"minecraft:wheat_seeds":4,"minecraft:diamond":1,"minecraft:granite":9,"minecraft:emerald":141,"minecraft:dirt":4,"minecraft:torch":31,"minecraft:iron_leggings":1,"minecraft:iron_pickaxe":2,"minecraft:string":2,"minecraft:bucket":1,"minecraft:spruce_sapling":1,"minecraft:redstone":5,"minecraft:gravel":1,"minecraft:stone_axe":3,"minecraft:stone_sword":2,"minecraft:wheat":4,"minecraft:stone_shovel":2,"minecraft:rotten_flesh":18,"minecraft:white_bed":2,"minecraft:shears":1,"minecraft:flint_and_steel":1,"minecraft:diamond_sword":1,"minecraft:poppy":15,"minecraft:cobblestone_slab":1,"minecraft:potato":4,"minecraft:spruce_boat":1,"minecraft:shield":2,"minecraft:diamond_pickaxe":7,"minecraft:iron_chestplate":1,"minecraft:spruce_log":43,"minecraft:bow":1,"minecraft:stone_pickaxe":1},"minecraft:broken":{"minecraft:stone_shovel":1},"minecraft:custom":{"minecraft:interact_with_anvil":2,"minecraft:mob_kills":46,"minecraft:inspect_hopper":2,"minecraft:interact_with_crafting_table":68,"minecraft:interact_with_campfire":4,"minecraft:leave_game":5,"minecraft:time_since_death":177458,"minecraft:climb_one_cm":7627,"minecraft:sprint_one_cm":631783,"minecraft:walk_one_cm":801507,"minecraft:damage_blocked_by_shield":478,"minecraft:drop":73,"minecraft:talked_to_villager":49,"minecraft:play_time":253965,"minecraft:sneak_time":13158,"minecraft:deaths":3,"minecraft:walk_under_water_one_cm":74051,"minecraft:boat_one_cm":71926,"minecraft:jump":5403,"minecraft:interact_with_blast_furnace":5,"minecraft:walk_on_water_one_cm":89038,"minecraft:total_world_time":253965,"minecraft:interact_with_furnace":8,"minecraft:traded_with_villager":218,"minecraft:interact_with_stonecutter":1,"minecraft:sleep_in_bed":17,"minecraft:time_since_rest":49209,"minecraft:damage_taken":3233,"minecraft:damage_dealt":9758,"minecraft:swim_one_cm":68194,"minecraft:fly_one_cm":887738,"minecraft:open_chest":187,"minecraft:crouch_one_cm":41303,"minecraft:interact_with_smoker":6,"minecraft:fall_one_cm":149164},"minecraft:mined":{"minecraft:spruce_planks":7,"minecraft:white_bed":1,"minecraft:farmland":22,"minecraft:deepslate_diamond_ore":20,"minecraft:spruce_trapdoor":2,"minecraft:granite":20,"minecraft:grass_block":30,"minecraft:spruce_leaves":49,"minecraft:composter":1,"minecraft:large_fern":115,"minecraft:furnace":1,"minecraft:iron_ore":18,"minecraft:cobbled_deepslate":12,"minecraft:andesite":14,"minecraft:granite_slab":2,"minecraft:fletching_table":17,"minecraft:bookshelf":6,"minecraft:potatoes":2,"minecraft:cobblestone_slab":38,"minecraft:dirt_path":33,"minecraft:deepslate_iron_ore":36,"minecraft:stone":460,"minecraft:podzol":7,"minecraft:smoker":3,"minecraft:spruce_door":2,"minecraft:crafting_table":4,"minecraft:torch":3,"minecraft:short_grass":12,"minecraft:blast_furnace":3,"minecraft:campfire":1,"minecraft:lectern":1,"minecraft:spruce_wall_sign":1,"minecraft:copper_ore":5,"minecraft:cobblestone":146,"minecraft:grindstone":2,"minecraft:sugar_cane":6,"minecraft:wall_torch":1,"minecraft:diorite":16,"minecraft:blue_bed":5,"minecraft:purple_bed":6,"minecraft:cobblestone_wall":13,"minecraft:wheat":13,"minecraft:sweet_berry_bush":2,"minecraft:spruce_log":274,"minecraft:coal_ore":19,"minecraft:gravel":26,"minecraft:dirt":260,"minecraft:deepslate":29,"minecraft:fern":56},"minecraft:killed_by":{"minecraft:skeleton":1},"minecraft:killed":{"minecraft:spider":3,"minecraft:skeleton":7,"minecraft:drowned":1,"minecraft:salmon":9,"minecraft:iron_golem":2,"minecraft:creeper":3,"minecraft:zombie":20},"minecraft:crafted":{"minecraft:stone_shovel":4,"minecraft:cobblestone_slab":60,"minecraft:barrel":3,"minecraft:spruce_button":9,"minecraft:furnace":9,"minecraft:hopper":1,"minecraft:ladder":6,"minecraft:spruce_slab":18,"minecraft:stone_pickaxe":2,"minecraft:cobblestone_wall":120,"minecraft:chest":3,"minecraft:spruce_boat":3,"minecraft:stone_hoe":3,"minecraft:diamond_sword":1,"minecraft:emerald":133,"minecraft:spruce_sign":9,"minecraft:diamond_axe":2,"minecraft:crafting_table":4,"minecraft:spruce_planks":2312,"minecraft:wooden_pickaxe":1,"minecraft:iron_sword":1,"minecraft:bucket":2,"minecraft:stone_axe":2,"minecraft:bread":480,"minecraft:air":0,"minecraft:spruce_trapdoor":16,"minecraft:diamond_pickaxe":5,"minecraft:shield":3,"minecraft:stick":4184,"minecraft:iron_ingot":32,"minecraft:iron_pickaxe":1,"minecraft:iron_block":1,"minecraft:stone_sword":2,"minecraft:anvil":1,"minecraft:white_bed":9,"minecraft:composter":1,"minecraft:torch":4,"minecraft:diorite_slab":18,"minecraft:granite_slab":6,"minecraft:shears":1}},"DataVersion":3953}