{"stats":{"minecraft:killed":{"minecraft:drowned":1},"minecraft:dropped":{"minecraft:wheat_seeds":1,"minecraft:wooden_pickaxe":1,"minecraft:acacia_planks":1},"minecraft:crafted":{"minecraft:crafting_table":1,"minecraft:wooden_pickaxe":1,"minecraft:furnace":2,"minecraft:stone_axe":1,"minecraft:bread":111,"minecraft:stick":8,"minecraft:stone_pickaxe":1,"minecraft:acacia_planks":92,"minecraft:wheat":333},"minecraft:mined":{"minecraft:acacia_leaves":3,"minecraft:red_bed":1,"minecraft:smoker":1,"minecraft:brewing_stand":2,"minecraft:crafting_table":3,"minecraft:torch":1,"minecraft:acacia_log":23,"minecraft:grass_block":3,"minecraft:chest":3,"minecraft:tall_grass":1,"minecraft:sugar_cane":5,"minecraft:composter":1,"minecraft:cartography_table":1,"minecraft:sandstone":3,"minecraft:hay_block":37,"minecraft:grass":6,"minecraft:oak_log":5,"minecraft:dirt_path":2,"minecraft:acacia_fence":1,"minecraft:sand":5,"minecraft:dirt":2,"minecraft:acacia_planks":13,"minecraft:stone":38,"minecraft:oak_leaves":8,"minecraft:orange_bed":6},"minecraft:used":{"minecraft:water_bucket":10,"minecraft:stone_pickaxe":39,"minecraft:chest":3,"minecraft:wooden_pickaxe":6,"minecraft:sandstone":3,"minecraft:orange_bed":6,"minecraft:torch":2,"minecraft:dirt":7,"minecraft:sand":5,"minecraft:crafting_table":4,"minecraft:red_bed":1,"minecraft:oak_log":1,"minecraft:apple":1,"minecraft:bread":3,"minecraft:stone_axe":112,"minecraft:cobblestone":16,"minecraft:bucket":11,"minecraft:acacia_planks":65},"minecraft:custom":{"minecraft:mob_kills":1,"minecraft:interact_with_crafting_table":7,"minecraft:leave_game":2,"minecraft:time_since_death":35910,"minecraft:sleep_in_bed":1,"minecraft:time_since_rest":7030,"minecraft:sprint_one_cm":76055,"minecraft:damage_taken":100,"minecraft:walk_one_cm":76355,"minecraft:drop":3,"minecraft:damage_dealt":201,"minecraft:swim_one_cm":4880,"minecraft:talked_to_villager":3,"minecraft:fly_one_cm":89587,"minecraft:open_chest":4,"minecraft:crouch_one_cm":9183,"minecraft:play_time":35910,"minecraft:sneak_time":3014,"minecraft:walk_under_water_one_cm":4391,"minecraft:jump":392,"minecraft:walk_on_water_one_cm":1599,"minecraft:total_world_time":35910,"minecraft:fall_one_cm":8177},"minecraft:picked_up":{"minecraft:crafting_table":3,"minecraft:smoker":1,"minecraft:oak_log":5,"minecraft:brewing_stand":2,"minecraft:red_bed":1,"minecraft:dirt":7,"minecraft:acacia_planks":13,"minecraft:apple":1,"minecraft:wheat_seeds":11,"minecraft:cartography_table":1,"minecraft:bucket":1,"minecraft:tall_grass":1,"minecraft:sugar_cane":6,"minecraft:chest":3,"minecraft:acacia_sapling":5,"minecraft:stick":4,"minecraft:sandstone":3,"minecraft:acacia_fence":1,"minecraft:composter":1,"minecraft:torch":2,"minecraft:acacia_log":23,"minecraft:sand":5,"minecraft:orange_bed":6,"minecraft:hay_block":37,"minecraft:grass":2,"minecraft:bread":2,"minecraft:cobblestone":38}},"DataVersion":3465}