{"stats":{"minecraft:picked_up":{"minecraft:charcoal":1,"minecraft:glow_ink_sac":4,"minecraft:smithing_table":2,"minecraft:wooden_pickaxe":1,"minecraft:potato":15,"minecraft:enchanted_book":1,"minecraft:flint":10,"minecraft:cobblestone_wall":1,"minecraft:gunpowder":3,"minecraft:cobblestone_stairs":8,"minecraft:blue_bed":8,"minecraft:dirt":49,"minecraft:smooth_stone_slab":2,"minecraft:name_tag":1,"minecraft:iron_shovel":1,"minecraft:bone":12,"minecraft:stonecutter":1,"minecraft:bow":3,"minecraft:wheat_seeds":5,"minecraft:cobbled_deepslate":5,"minecraft:bell":1,"minecraft:rabbit_hide":1,"minecraft:iron_ingot":2,"minecraft:stone_pickaxe":1,"minecraft:fletching_table":1,"minecraft:iron_sword":1,"minecraft:sugar_cane":2,"minecraft:chest":5,"minecraft:egg":1,"minecraft:stick":37,"minecraft:sweet_berries":21,"minecraft:torch":7,"minecraft:gravel":114,"minecraft:spruce_fence":22,"minecraft:spruce_sapling":94,"minecraft:spruce_log":723,"minecraft:spider_eye":1,"minecraft:mossy_cobblestone":6,"minecraft:stone_sword":1,"minecraft:pumpkin_seeds":8,"minecraft:arrow":5,"minecraft:purple_bed":11,"minecraft:diamond":8,"minecraft:granite":5,"minecraft:bread":119,"minecraft:coal":18,"minecraft:cobblestone":36,"minecraft:diamond_pickaxe":1},"minecraft:used":{"minecraft:iron_shovel":174,"minecraft:stone_pickaxe":36,"minecraft:chest":9,"minecraft:wooden_pickaxe":10,"minecraft:blue_bed":5,"minecraft:sugar_cane":2,"minecraft:torch":1,"minecraft:dirt":32,"minecraft:cobblestone_wall":26,"minecraft:spruce_fence":27,"minecraft:spruce_log":7,"minecraft:spruce_boat":2,"minecraft:iron_axe":481,"minecraft:bread":15,"minecraft:iron_pickaxe":28,"minecraft:gravel":110,"minecraft:spruce_sapling":67,"minecraft:stone_axe":266,"minecraft:purple_bed":9,"minecraft:smithing_table":1,"minecraft:potato":9},"minecraft:dropped":{"minecraft:stone_hoe":10,"minecraft:bread":323,"minecraft:wheat_seeds":2,"minecraft:large_fern":1,"minecraft:purple_bed":2,"minecraft:arrow":131,"minecraft:bow":4,"minecraft:stone_pickaxe":1,"minecraft:blue_bed":2},"minecraft:broken":{"minecraft:iron_axe":1,"minecraft:stone_axe":2},"minecraft:custom":{"minecraft:interact_with_furnace":8,"minecraft:traded_with_villager":215,"minecraft:interact_with_crafting_table":19,"minecraft:leave_game":1,"minecraft:time_since_death":155174,"minecraft:sleep_in_bed":14,"minecraft:climb_one_cm":4023,"minecraft:time_since_rest":9622,"minecraft:sprint_one_cm":333536,"minecraft:damage_taken":220,"minecraft:walk_one_cm":417939,"minecraft:drop":350,"minecraft:damage_dealt":21,"minecraft:talked_to_villager":44,"minecraft:swim_one_cm":8942,"minecraft:fly_one_cm":192976,"minecraft:open_chest":87,"minecraft:crouch_one_cm":18243,"minecraft:play_time":155174,"minecraft:sneak_time":10452,"minecraft:walk_under_water_one_cm":3947,"minecraft:jump":1259,"minecraft:interact_with_blast_furnace":2,"minecraft:walk_on_water_one_cm":5350,"minecraft:total_world_time":155174,"minecraft:fall_one_cm":18200},"minecraft:mined":{"minecraft:podzol":1,"minecraft:smithing_table":1,"minecraft:glass_pane":2,"minecraft:mossy_cobblestone":3,"minecraft:cobblestone_stairs":4,"minecraft:torch":1,"minecraft:granite":2,"minecraft:short_grass":1,"minecraft:grass_block":3,"minecraft:spruce_fence":24,"minecraft:chest":5,"minecraft:cobblestone":34,"minecraft:spruce_leaves":85,"minecraft:sugar_cane":1,"minecraft:blue_bed":7,"minecraft:large_fern":2,"minecraft:purple_bed":11,"minecraft:cobblestone_wall":1,"minecraft:wheat":2,"minecraft:cobbled_deepslate":5,"minecraft:sweet_berry_bush":8,"minecraft:spruce_log":660,"minecraft:pumpkin_stem":4,"minecraft:smooth_stone_slab":1,"minecraft:potatoes":2,"minecraft:coal_ore":18,"minecraft:dirt_path":41,"minecraft:gravel":130,"minecraft:dirt":6,"minecraft:stonecutter":1,"minecraft:stone":1,"minecraft:fern":3},"minecraft:crafted":{"minecraft:arrow":192,"minecraft:emerald":144,"minecraft:spruce_planks":2424,"minecraft:wooden_pickaxe":1,"minecraft:fletching_table":7,"minecraft:stone_axe":2,"minecraft:spruce_fence":6,"minecraft:bread":276,"minecraft:air":0,"minecraft:bow":3,"minecraft:iron_axe":2,"minecraft:stick":4688,"minecraft:iron_ingot":19,"minecraft:stone_pickaxe":1,"minecraft:chest":4,"minecraft:spruce_boat":3,"minecraft:stone_hoe":10}},"DataVersion":3953}