{"stats":{"minecraft:picked_up":{"minecraft:charcoal":1,"minecraft:crafting_table":1,"minecraft:wheat":6,"minecraft:smithing_table":2,"minecraft:wooden_pickaxe":1,"minecraft:enchanted_book":1,"minecraft:smooth_stone_slab":2,"minecraft:iron_shovel":1,"minecraft:cobbled_deepslate":5,"minecraft:spruce_planks":4,"minecraft:poppy":2,"minecraft:sugar_cane":216,"minecraft:chest":5,"minecraft:egg":1,"minecraft:raw_iron":11,"minecraft:stick":94,"minecraft:torch":7,"minecraft:spruce_fence":22,"minecraft:stone_sword":1,"minecraft:arrow":5,"minecraft:cobblestone":74,"minecraft:glow_ink_sac":4,"minecraft:smoker":1,"minecraft:potato":23,"minecraft:flint":11,"minecraft:cobblestone_stairs":8,"minecraft:cobblestone_wall":10,"minecraft:gunpowder":3,"minecraft:blue_bed":8,"minecraft:dirt":75,"minecraft:name_tag":1,"minecraft:bone":12,"minecraft:stonecutter":1,"minecraft:bow":3,"minecraft:wheat_seeds":27,"minecraft:bell":1,"minecraft:rabbit_hide":1,"minecraft:iron_ingot":12,"minecraft:stone_pickaxe":1,"minecraft:fletching_table":1,"minecraft:iron_sword":1,"minecraft:pumpkin":1,"minecraft:sweet_berries":21,"minecraft:gravel":125,"minecraft:spruce_sapling":169,"minecraft:blast_furnace":3,"minecraft:spruce_log":1368,"minecraft:spider_eye":1,"minecraft:mossy_cobblestone":6,"minecraft:pumpkin_seeds":13,"minecraft:purple_bed":11,"minecraft:diamond":8,"minecraft:spruce_boat":5,"minecraft:granite":5,"minecraft:diamond_axe":1,"minecraft:bread":119,"minecraft:emerald":7,"minecraft:coal":147,"minecraft:diamond_pickaxe":2},"minecraft:used":{"minecraft:iron_shovel":191,"minecraft:chest":9,"minecraft:spruce_planks":6,"minecraft:iron_sword":8,"minecraft:stone_hoe":6,"minecraft:torch":1,"minecraft:dirt":44,"minecraft:cobblestone_wall":36,"minecraft:spruce_fence":27,"minecraft:spruce_boat":8,"minecraft:iron_axe":837,"minecraft:bow":4,"minecraft:potato":17,"minecraft:wheat_seeds":13,"minecraft:stone_pickaxe":36,"minecraft:wooden_pickaxe":10,"minecraft:blue_bed":5,"minecraft:diamond_axe":380,"minecraft:sugar_cane":70,"minecraft:crafting_table":1,"minecraft:blast_furnace":3,"minecraft:spruce_log":18,"minecraft:diamond_pickaxe":8,"minecraft:bread":37,"minecraft:iron_pickaxe":149,"minecraft:spruce_sapling":103,"minecraft:gravel":120,"minecraft:stone_axe":266,"minecraft:cobblestone":27,"minecraft:purple_bed":9,"minecraft:smithing_table":1},"minecraft:dropped":{"minecraft:stone_hoe":33,"minecraft:bread":345,"minecraft:wheat_seeds":16,"minecraft:stick":3,"minecraft:dirt":2,"minecraft:large_fern":1,"minecraft:chainmail_leggings":3,"minecraft:iron_shovel":2,"minecraft:blue_bed":2,"minecraft:spruce_sapling":2,"minecraft:sugar_cane":1,"minecraft:diamond_hoe":3,"minecraft:iron_boots":10,"minecraft:shield":1,"minecraft:purple_bed":2,"minecraft:bow":4,"minecraft:arrow":131,"minecraft:stone_pickaxe":1},"minecraft:broken":{"minecraft:iron_axe":3,"minecraft:stone_axe":2},"minecraft:custom":{"minecraft:mob_kills":2,"minecraft:interact_with_anvil":2,"minecraft:animals_bred":1,"minecraft:interact_with_crafting_table":23,"minecraft:leave_game":2,"minecraft:time_since_death":266703,"minecraft:climb_one_cm":17209,"minecraft:sprint_one_cm":664805,"minecraft:walk_one_cm":735087,"minecraft:drop":412,"minecraft:talked_to_villager":98,"minecraft:play_time":266703,"minecraft:sneak_time":23646,"minecraft:walk_under_water_one_cm":12212,"minecraft:boat_one_cm":16204,"minecraft:jump":2647,"minecraft:interact_with_blast_furnace":8,"minecraft:walk_on_water_one_cm":15206,"minecraft:total_world_time":266703,"minecraft:interact_with_furnace":11,"minecraft:traded_with_villager":471,"minecraft:sleep_in_bed":22,"minecraft:time_since_rest":12420,"minecraft:damage_taken":640,"minecraft:damage_dealt":461,"minecraft:swim_one_cm":26315,"minecraft:fly_one_cm":418809,"minecraft:open_chest":147,"minecraft:crouch_one_cm":40902,"minecraft:interact_with_smoker":1,"minecraft:fall_one_cm":36091},"minecraft:mined":{"minecraft:attached_pumpkin_stem":1,"minecraft:spruce_planks":11,"minecraft:mossy_cobblestone":3,"minecraft:cobblestone_stairs":4,"minecraft:granite":2,"minecraft:grass_block":11,"minecraft:spruce_fence":24,"minecraft:spruce_leaves":110,"minecraft:large_fern":17,"minecraft:spruce_sapling":4,"minecraft:iron_ore":11,"minecraft:cobbled_deepslate":5,"minecraft:pumpkin":1,"minecraft:potatoes":4,"minecraft:dirt_path":44,"minecraft:stone":37,"minecraft:smithing_table":1,"minecraft:podzol":1,"minecraft:glass_pane":2,"minecraft:crafting_table":1,"minecraft:torch":1,"minecraft:short_grass":5,"minecraft:blast_furnace":3,"minecraft:chest":5,"minecraft:cobblestone":36,"minecraft:sugar_cane":134,"minecraft:blue_bed":7,"minecraft:purple_bed":11,"minecraft:cobblestone_wall":11,"minecraft:sweet_berry_bush":8,"minecraft:wheat":8,"minecraft:spruce_log":1307,"minecraft:pumpkin_stem":6,"minecraft:smooth_stone_slab":1,"minecraft:coal_ore":84,"minecraft:gravel":142,"minecraft:dirt":27,"minecraft:stonecutter":1,"minecraft:fern":18},"minecraft:killed":{"minecraft:skeleton":2},"minecraft:crafted":{"minecraft:diamond_hoe":3,"minecraft:spruce_fence":6,"minecraft:diamond_helmet":3,"minecraft:diamond_leggings":3,"minecraft:iron_boots":10,"minecraft:bow":3,"minecraft:iron_axe":4,"minecraft:stone_pickaxe":1,"minecraft:chest":4,"minecraft:diamond_boots":3,"minecraft:spruce_boat":4,"minecraft:stone_hoe":34,"minecraft:chainmail_leggings":3,"minecraft:emerald":546,"minecraft:arrow":192,"minecraft:diamond_axe":3,"minecraft:crafting_table":1,"minecraft:spruce_planks":4960,"minecraft:wooden_pickaxe":1,"minecraft:fletching_table":7,"minecraft:stone_axe":2,"minecraft:bread":276,"minecraft:air":0,"minecraft:diamond_pickaxe":1,"minecraft:shield":2,"minecraft:stick":9736,"minecraft:iron_ingot":40,"minecraft:iron_block":2,"minecraft:iron_shovel":3,"minecraft:diamond_chestplate":3}},"DataVersion":3953}