{"stats":{"minecraft:picked_up":{"minecraft:charcoal":2,"minecraft:iron_chestplate":1,"minecraft:wheat":8,"minecraft:chicken":2,"minecraft:diamond_sword":1,"minecraft:shield":2,"minecraft:cooked_salmon":1,"minecraft:string":2,"minecraft:flint_and_steel":1,"minecraft:smooth_stone_slab":8,"minecraft:iron_leggings":1,"minecraft:cobbled_deepslate":18,"minecraft:spruce_planks":3,"minecraft:iron_pickaxe":2,"minecraft:sugar_cane":14,"minecraft:egg":4,"minecraft:raw_iron":23,"minecraft:stick":10,"minecraft:torch":33,"minecraft:diorite":2,"minecraft:vine":4,"minecraft:redstone":10,"minecraft:stone_shovel":1,"minecraft:rotten_flesh":37,"minecraft:stone_sword":1,"minecraft:arrow":82,"minecraft:shears":1,"minecraft:glow_berries":1,"minecraft:obsidian":10,"minecraft:cod":4,"minecraft:cobblestone":212,"minecraft:feather":4,"minecraft:glow_ink_sac":3,"minecraft:salmon":8,"minecraft:smoker":1,"minecraft:potato":1,"minecraft:flint":12,"minecraft:cobblestone_wall":3,"minecraft:gunpowder":2,"minecraft:lapis_lazuli":16,"minecraft:dirt":20,"minecraft:bone":12,"minecraft:bow":2,"minecraft:wheat_seeds":23,"minecraft:raw_gold":1,"minecraft:iron_ingot":1,"minecraft:stone_pickaxe":1,"minecraft:iron_sword":1,"minecraft:sweet_berries":11,"minecraft:sand":1,"minecraft:gravel":136,"minecraft:spruce_sapling":18,"minecraft:blast_furnace":2,"minecraft:spruce_log":322,"minecraft:white_bed":2,"minecraft:purple_bed":4,"minecraft:spruce_boat":1,"minecraft:diamond":5,"minecraft:stone_axe":2,"minecraft:granite":11,"minecraft:bread":118,"minecraft:coal":58,"minecraft:diamond_pickaxe":2},"minecraft:used":{"minecraft:stone_sword":37,"minecraft:flint_and_steel":5,"minecraft:stone_shovel":118,"minecraft:spruce_planks":71,"minecraft:shield":13,"minecraft:iron_sword":25,"minecraft:cooked_chicken":2,"minecraft:cooked_salmon":6,"minecraft:stone_hoe":1,"minecraft:rotten_flesh":4,"minecraft:torch":141,"minecraft:dirt":16,"minecraft:cobblestone_wall":3,"minecraft:golden_shovel":32,"minecraft:granite":2,"minecraft:glass":1,"minecraft:bow":108,"minecraft:furnace":1,"minecraft:egg":1,"minecraft:potato":1,"minecraft:cobbled_deepslate":16,"minecraft:wheat_seeds":8,"minecraft:water_bucket":1,"minecraft:stone_pickaxe":53,"minecraft:baked_potato":5,"minecraft:sugar_cane":14,"minecraft:salmon":2,"minecraft:glow_berries":1,"minecraft:crafting_table":2,"minecraft:blast_furnace":2,"minecraft:white_bed":2,"minecraft:shears":4,"minecraft:smoker":1,"minecraft:diamond_pickaxe":294,"minecraft:apple":4,"minecraft:bread":35,"minecraft:iron_pickaxe":6,"minecraft:spruce_sapling":13,"minecraft:gravel":100,"minecraft:stone_axe":344,"minecraft:fishing_rod":6,"minecraft:diamond_sword":125,"minecraft:cobblestone":32,"minecraft:purple_bed":2,"minecraft:bucket":1,"minecraft:smooth_stone_slab":4,"minecraft:pumpkin_pie":1,"minecraft:bone_meal":54},"minecraft:dropped":{"minecraft:iron_ingot":2,"minecraft:bread":74,"minecraft:wheat_seeds":7,"minecraft:feather":1,"minecraft:cobblestone":138,"minecraft:diorite":2,"minecraft:torch":4,"minecraft:cooked_salmon":1,"minecraft:iron_pickaxe":2,"minecraft:rotten_flesh":16,"minecraft:purple_bed":2,"minecraft:bow":1},"minecraft:broken":{"minecraft:golden_shovel":1,"minecraft:stone_axe":2},"minecraft:custom":{"minecraft:interact_with_smithing_table":1,"minecraft:mob_kills":56,"minecraft:animals_bred":4,"minecraft:interact_with_crafting_table":29,"minecraft:leave_game":7,"minecraft:time_since_death":7574,"minecraft:climb_one_cm":5095,"minecraft:sprint_one_cm":541165,"minecraft:walk_one_cm":863781,"minecraft:damage_blocked_by_shield":325,"minecraft:drop":98,"minecraft:talked_to_villager":7,"minecraft:deaths":2,"minecraft:play_time":250330,"minecraft:sneak_time":6293,"minecraft:walk_under_water_one_cm":171651,"minecraft:boat_one_cm":32648,"minecraft:jump":2112,"minecraft:interact_with_blast_furnace":14,"minecraft:walk_on_water_one_cm":147598,"minecraft:total_world_time":250330,"minecraft:interact_with_furnace":36,"minecraft:interact_with_grindstone":2,"minecraft:interact_with_stonecutter":1,"minecraft:sleep_in_bed":20,"minecraft:time_since_rest":0,"minecraft:damage_taken":2966,"minecraft:damage_dealt":5494,"minecraft:swim_one_cm":437,"minecraft:fly_one_cm":57732,"minecraft:open_chest":67,"minecraft:crouch_one_cm":8979,"minecraft:interact_with_smoker":15,"minecraft:fish_caught":5,"minecraft:fall_one_cm":44368},"minecraft:mined":{"minecraft:spruce_planks":5,"minecraft:deepslate_diamond_ore":4,"minecraft:obsidian":10,"minecraft:granite":11,"minecraft:grass_block":7,"minecraft:spruce_leaves":50,"minecraft:spruce_sapling":1,"minecraft:iron_ore":11,"minecraft:deepslate_lapis_ore":2,"minecraft:deepslate_iron_ore":14,"minecraft:cave_vines":3,"minecraft:dirt_path":4,"minecraft:vine":4,"minecraft:stone":201,"minecraft:deepslate_redstone_ore":2,"minecraft:smoker":1,"minecraft:blast_furnace":2,"minecraft:campfire":1,"minecraft:deepslate_gold_ore":1,"minecraft:sugar_cane":12,"minecraft:diorite":2,"minecraft:purple_bed":3,"minecraft:cobblestone_wall":2,"minecraft:sweet_berry_bush":4,"minecraft:wheat":10,"minecraft:spruce_log":334,"minecraft:smooth_stone_slab":7,"minecraft:coal_ore":63,"minecraft:sand":1,"minecraft:gravel":160,"minecraft:dirt":11,"minecraft:deepslate":11},"minecraft:killed_by":{"minecraft:skeleton":2},"minecraft:killed":{"minecraft:spider":3,"minecraft:skeleton":12,"minecraft:chicken":2,"minecraft:drowned":1,"minecraft:cat":1,"minecraft:salmon":7,"minecraft:creeper":2,"minecraft:zombie":26},"minecraft:crafted":{"minecraft:stone_shovel":2,"minecraft:fishing_rod":1,"minecraft:cooked_chicken":2,"minecraft:furnace":1,"minecraft:bone_meal":54,"minecraft:flint_and_steel":1,"minecraft:glass":1,"minecraft:stone_hoe":1,"minecraft:coal_block":1,"minecraft:diamond_sword":1,"minecraft:arrow":16,"minecraft:crafting_table":2,"minecraft:spruce_planks":88,"minecraft:baked_potato":5,"minecraft:iron_sword":1,"minecraft:cooked_salmon":6,"minecraft:golden_shovel":1,"minecraft:bucket":1,"minecraft:stone_axe":2,"minecraft:air":0,"minecraft:charcoal":64,"minecraft:stick":16,"minecraft:iron_ingot":11,"minecraft:iron_pickaxe":1,"minecraft:gold_ingot":1,"minecraft:torch":168,"minecraft:shears":1}},"DataVersion":3953}