{"stats":{"minecraft:picked_up":{"minecraft:charcoal":2,"minecraft:wheat":8,"minecraft:feather":1,"minecraft:glow_ink_sac":2,"minecraft:salmon":6,"minecraft:smoker":1,"minecraft:flint":11,"minecraft:shield":1,"minecraft:cobblestone_wall":1,"minecraft:dirt":16,"minecraft:cooked_salmon":1,"minecraft:smooth_stone_slab":8,"minecraft:bone":6,"minecraft:bow":1,"minecraft:wheat_seeds":22,"minecraft:cobbled_deepslate":8,"minecraft:raw_gold":1,"minecraft:spruce_planks":3,"minecraft:stone_pickaxe":1,"minecraft:iron_pickaxe":2,"minecraft:sugar_cane":14,"minecraft:egg":3,"minecraft:stick":9,"minecraft:raw_iron":7,"minecraft:sweet_berries":11,"minecraft:gravel":120,"minecraft:sand":1,"minecraft:spruce_sapling":13,"minecraft:blast_furnace":2,"minecraft:white_bed":2,"minecraft:spruce_log":322,"minecraft:redstone":5,"minecraft:stone_sword":1,"minecraft:rotten_flesh":4,"minecraft:arrow":69,"minecraft:purple_bed":4,"minecraft:diamond":3,"minecraft:stone_axe":1,"minecraft:granite":1,"minecraft:bread":98,"minecraft:coal":21,"minecraft:cobblestone":12,"minecraft:diamond_pickaxe":1},"minecraft:used":{"minecraft:wheat_seeds":8,"minecraft:stone_sword":26,"minecraft:stone_shovel":98,"minecraft:stone_pickaxe":53,"minecraft:baked_potato":5,"minecraft:spruce_planks":71,"minecraft:shield":9,"minecraft:iron_sword":25,"minecraft:sugar_cane":14,"minecraft:cooked_salmon":4,"minecraft:stone_hoe":1,"minecraft:rotten_flesh":4,"minecraft:torch":23,"minecraft:dirt":15,"minecraft:crafting_table":2,"minecraft:blast_furnace":2,"minecraft:white_bed":2,"minecraft:golden_shovel":32,"minecraft:smoker":1,"minecraft:glass":1,"minecraft:diamond_pickaxe":6,"minecraft:apple":4,"minecraft:iron_pickaxe":6,"minecraft:bread":11,"minecraft:spruce_sapling":13,"minecraft:gravel":12,"minecraft:stone_axe":344,"minecraft:diamond_sword":9,"minecraft:purple_bed":2,"minecraft:bow":1,"minecraft:pumpkin_pie":1,"minecraft:smooth_stone_slab":4,"minecraft:egg":1,"minecraft:cobbled_deepslate":8,"minecraft:bone_meal":54},"minecraft:dropped":{"minecraft:iron_ingot":2,"minecraft:bread":67,"minecraft:wheat_seeds":7,"minecraft:feather":1,"minecraft:torch":4,"minecraft:purple_bed":2,"minecraft:cooked_salmon":1,"minecraft:bow":1,"minecraft:iron_pickaxe":2},"minecraft:broken":{"minecraft:stone_axe":2,"minecraft:golden_shovel":1},"minecraft:custom":{"minecraft:interact_with_smithing_table":1,"minecraft:interact_with_furnace":29,"minecraft:mob_kills":12,"minecraft:animals_bred":4,"minecraft:interact_with_crafting_table":20,"minecraft:interact_with_grindstone":2,"minecraft:interact_with_stonecutter":1,"minecraft:leave_game":4,"minecraft:time_since_death":151303,"minecraft:sleep_in_bed":13,"minecraft:climb_one_cm":3599,"minecraft:time_since_rest":9622,"minecraft:sprint_one_cm":317795,"minecraft:damage_taken":1047,"minecraft:walk_one_cm":545139,"minecraft:damage_blocked_by_shield":205,"minecraft:drop":84,"minecraft:damage_dealt":1560,"minecraft:talked_to_villager":7,"minecraft:fly_one_cm":28769,"minecraft:open_chest":55,"minecraft:crouch_one_cm":6399,"minecraft:play_time":151303,"minecraft:sneak_time":3093,"minecraft:walk_under_water_one_cm":75766,"minecraft:boat_one_cm":4926,"minecraft:jump":1123,"minecraft:interact_with_blast_furnace":10,"minecraft:walk_on_water_one_cm":66020,"minecraft:total_world_time":151303,"minecraft:interact_with_smoker":12,"minecraft:fall_one_cm":19826},"minecraft:mined":{"minecraft:deepslate_redstone_ore":2,"minecraft:spruce_planks":5,"minecraft:deepslate_diamond_ore":3,"minecraft:smoker":1,"minecraft:granite":1,"minecraft:blast_furnace":2,"minecraft:grass_block":7,"minecraft:campfire":1,"minecraft:spruce_leaves":50,"minecraft:deepslate_gold_ore":1,"minecraft:sugar_cane":12,"minecraft:purple_bed":3,"minecraft:spruce_sapling":1,"minecraft:cobblestone_wall":1,"minecraft:iron_ore":5,"minecraft:wheat":10,"minecraft:sweet_berry_bush":4,"minecraft:spruce_log":334,"minecraft:smooth_stone_slab":7,"minecraft:coal_ore":21,"minecraft:deepslate_iron_ore":4,"minecraft:dirt_path":4,"minecraft:gravel":139,"minecraft:sand":1,"minecraft:dirt":11,"minecraft:stone":9},"minecraft:killed":{"minecraft:salmon":6,"minecraft:skeleton":3,"minecraft:zombie":2},"minecraft:crafted":{"minecraft:coal_block":1,"minecraft:stone_shovel":2,"minecraft:arrow":16,"minecraft:diamond_sword":1,"minecraft:crafting_table":2,"minecraft:spruce_planks":88,"minecraft:baked_potato":5,"minecraft:iron_sword":1,"minecraft:cooked_salmon":6,"minecraft:golden_shovel":1,"minecraft:bone_meal":54,"minecraft:stone_axe":2,"minecraft:air":0,"minecraft:glass":1,"minecraft:charcoal":64,"minecraft:stick":16,"minecraft:iron_ingot":7,"minecraft:iron_pickaxe":1,"minecraft:gold_ingot":1,"minecraft:torch":44,"minecraft:stone_hoe":1,"minecraft:shears":1}},"DataVersion":3953}