{"stats":{"minecraft:used":{"minecraft:stone_sword":1,"minecraft:stone_pickaxe":29,"minecraft:wooden_pickaxe":10,"minecraft:stone_axe":8,"minecraft:dirt":2,"minecraft:crafting_table":4,"minecraft:furnace":1},"minecraft:dropped":{"minecraft:wooden_pickaxe":1},"minecraft:custom":{"minecraft:time_since_rest":2399,"minecraft:interact_with_furnace":2,"minecraft:sprint_one_cm":21324,"minecraft:damage_taken":849,"minecraft:walk_one_cm":17356,"minecraft:mob_kills":2,"minecraft:drop":1,"minecraft:damage_dealt":434,"minecraft:interact_with_crafting_table":4,"minecraft:swim_one_cm":15628,"minecraft:fly_one_cm":30973,"minecraft:crouch_one_cm":101,"minecraft:play_time":9281,"minecraft:deaths":2,"minecraft:sneak_time":427,"minecraft:walk_under_water_one_cm":6180,"minecraft:jump":195,"minecraft:walk_on_water_one_cm":9252,"minecraft:time_since_death":2139,"minecraft:total_world_time":9281,"minecraft:fall_one_cm":13011},"minecraft:killed":{"minecraft:skeleton":1},"minecraft:picked_up":{"minecraft:stick":3,"minecraft:raw_iron":7,"minecraft:crafting_table":4,"minecraft:wooden_pickaxe":1,"minecraft:spruce_sapling":4,"minecraft:spruce_log":6,"minecraft:dirt":2,"minecraft:stone_sword":1,"minecraft:bone":1,"minecraft:arrow":1,"minecraft:stone_shovel":1,"minecraft:stone_axe":1,"minecraft:spruce_planks":11,"minecraft:iron_ingot":7,"minecraft:stone_pickaxe":1,"minecraft:coal":23,"minecraft:cobblestone":19,"minecraft:furnace":1},"minecraft:crafted":{"minecraft:stone_shovel":1,"minecraft:crafting_table":1,"minecraft:spruce_planks":24,"minecraft:stick":12,"minecraft:wooden_pickaxe":1,"minecraft:stone_pickaxe":1,"minecraft:stone_sword":1,"minecraft:furnace":1,"minecraft:stone_axe":1},"minecraft:killed_by":{"minecraft:skeleton":2},"minecraft:mined":{"minecraft:large_fern":3,"minecraft:furnace":1,"minecraft:iron_ore":7,"minecraft:spruce_log":6,"minecraft:crafting_table":4,"minecraft:grass_block":2,"minecraft:coal_ore":12,"minecraft:stone":18}},"DataVersion":3953}